"XV1","XV2","XV3","XV4","XV5","XV6","XV7" 
"Seq3623","TGAGCAAAAGCCCACTTCGC","AAGATCACCCAGCTACTACC",6571,13615,2,1
"Seq3716","TGTCTCTTCTATAGGATCAT","AATAATTACCCTATTTATCT",6702,7832,2,1
"Seq3748","TTGCTTCAAAACGAGAAGTA","ACATCAATCGATTCATTAAA",6773,12098,2,1
"Seq3770","ATGACTTCATGGCTGCCCTC","TCAACTTCCCACTGTACACC",6825,11849,2,1
"Seq3903","TCCTAATTAGCTCCTTAGTC","CATTATTAGCCTCTTACCCC",7126,11892,2,1
"Seq4002","TTCTATATATAATAGACGAA","CTTCCAACATAACTCCAACA",7279,13681,2,1
"Seq4061","TATGCTTTGATTCATATATA","ACTATTAAACCTAAAAACGA",7378,13926,2,1
"Seq4075","CCCAACAAACGACCTAAAAC","ATCCACCAAACCCTAAAACC",7400,13945,2,1
"Seq4281","ATTATCTCATCAATAATTAC","TGATGATGTTCATAATTACC",7821,9873,2,1
"Seq4318","ACAAACATTCCCACTGGCAC","AGAACTAACACTAATAGCCC",7874,11481,2,1
"Seq4320","ACAAACATTCCCACTGGCAC","AAACCTAAAAACGATCCACC",7874,13932,2,1
"Seq4343","TCACCAAAATCACTAACAAC","ACATAACCACTTTAACAACC",7896,13475,2,1
"Seq4345","TCACCAAAATCACTAACAAC","TCGTATATCCAAACACAACC",7896,13879,2,1
"Seq4421","TGTAGCCATCATTATATTTC","TAAACCCGAATGATATTTCC",8005,14967,2,1
"Seq4434","TCATTATATTTCCTTCAATC","TGGCCTCACATCATCACTCC",8013,11142,2,1
"Seq4436","TCATTATATTTCCTTCAATC","CCTAAATAAATTAAAAAAAC",8013,13908,2,1
"Seq4539","TTATCAAACAAATAATGCTA","CTATCAATAAATAAAGCAAA",8103,13291,2,1
"Seq4548","TCAAACAAATAATGCTAATC","CTTCATCATAATAATTAAGC",8106,13756,2,1
"Seq4580","CCAAAAGGACGAACATGAAC","AAATTTTAACTCTCCAAACC",8132,16094,2,1
"Seq4806","ATTAATAAATATTAGCCCAC","AGAAGGAGCTACTCCCCACC",8485,15381,2,1
"Seq4886","GATAATACATAATGACCCAC","AAACCAACAACCCGCCCACC",8615,15723,2,1
"Seq5016","TAATTCGTGAAGGAACCTAC","ATACCAAATTTTAACTCTCC",8807,16089,2,1
"Seq5166","ATACTAGGACTTTACTTCAC","ATTTGGTCTATTAATCTACC",9127,15693,2,1
"Seq5531","ATTACCAATATGCCATCTAC","TTACACTATTCCTGATTACC",9887,12122,2,1
"Seq5541","TGCCATCTACCTTCTTCAAC","CCTGATTACCATGCTTATCC",9897,12132,2,1
"Seq5657","CAACTCCATAAGCTCCATAC","CCACTGTACACCACCACATC",10048,11857,2,1
"Seq5665","CCATAAGCTCCATACCAATC","CCTCCTCTTAATGCCAAACC",10053,16122,2,1
"Seq5675","TCCATACCAATCCCCATCAC","ATCAACCAATCTCCCAAACC",10061,13716,2,1
"Seq5787","TCCCTCACTAATGCTACTAC","CTCTTCACACAAACATAACC",10203,13463,2,1
"Seq5797","CTAATGCTACTACCACTAAC","TAGAATATATAATTACAACC",10210,11936,2,1
"Seq5799","CTAATGCTACTACCACTAAC","ATTAAAAAAACTATTAAACC",10210,13917,2,1
"Seq5844","CTATCAAGCCCTAAAAAAAC","AATGCTAACCCAAGACAACC",10234,14028,2,1
"Seq5883","AGTTTTCTAATTAGTTTAAC","CATATAATATTCCACCAACC",10276,13166,2,1
"Seq5953","AACTTTTCAAATATATTCTC","AACCAACCATATAATTAACC",10336,11442,2,1
"Seq5989","CTATCCACACCATTAATTAT","TTCACACAAACATAACCACT",10366,13466,2,1
"Seq6127","CAAATTCTCCTAATCATAAC","CTCTTCACACAAACATAACC",10492,13463,2,1
"Seq6188","CCAACACTTATTATTATTAC","ACCCCACCCCATATTAAACC",10567,14953,2,1
"Seq6391","GCATCTCCATTATTCTAGAC","CATTAAACAACCAACAAACC",10919,13964,2,1
"Seq6521","AACTCCATGAAGCTTCATAG","CAAGACATCCGAAAAATAGG",11097,12820,2,1
"Seq6631","GGATCCACAGCCGTACTATA","AGATCACCCAGCTACTACCA",11192,13616,2,1
"Seq6776","ATATACATAATTATTACCAC","AAACCATCCCAAAATCCACC",11407,13439,2,1
"Seq6795","ACCCAACGCGGCAAACTAAC","AGTGACGCTAGGAATAAACC",11425,12702,2,1
"Seq6796","ACCCAACGCGGCAAACTAAC","ACATAACCACTTTAACAACC",11425,13475,2,1
"Seq6810","AACGCGGCAAACTAACCAAC","ATCCACCAAACCCTAAAACC",11429,13945,2,1
"Seq6825","TAACCAACCATATAATTAAC","AAACCATCCCAAAATCCACC",11441,13439,2,1
"Seq6839","CCATATAATTAACCTCCAAC","AAATTTTAACTCTCCAAACC",11448,16094,2,1
"Seq7005","AAATAAACCTCCTTATTCAC","AAAAAACCTCTATAATCACC",11611,13786,2,1
"Seq7150","TCCTAATTTCAATATCAAAC","ATCCACCAAACCCTAAAACC",11816,13945,2,1
"Seq7189","ATCAACTTCCCACTGTACAC","AGATAAAATTCCATTTCACC",11848,14808,2,1
"Seq7193","AACTTCCCACTGTACACCAC","AATCCACTAAACACCCCACC",11851,14941,2,1
"Seq7387","ATGCTTATCCTCACCTCAGC","CTACCATCCTCCGTGAAACC",12142,15708,2,1
"Seq7512","TCAACAGATTATATTCTCCA","GACATACTAGGAGACCCAGA",12354,14905,2,1
"Seq7774","TAGTGACGCTAGGAATAAAC","CCTAAAACCATTAAACAACC",12701,13956,2,1
"Seq8173","ATGACCCAGACCTCATAAAC","ACCCCACCCCATATTAAACC",13097,14953,2,1
"Seq8274","CATTCCAGTCCTCACAATAC","CATAAATGCTACTCAATACC",13188,16074,2,1
"Seq8429","TATTATTCACCGCATTACAC","AACTCTCCAAACCCCCCACC",13353,16101,2,1
"Seq9034","AATTAAAAAAACTATTAAAC","ACCCCACCCCATATTAAACC",13916,14953,2,1
"Seq9756","TAATCCACTAAACACCCCAC","AACTCTCCAAACCCCCCACC",14940,16101,2,1
"Seq1772","CTATGAAAAAACTTTCTACC","CCTAGGAGGCCTTCCACCAC",3634,4682,3,1
"Seq2107","CAACAGCCTCAATAATTATC","ACTTTTCAAATATATTCTCC",4123,10337,3,1
"Seq2589","TCTCACTGATATTACTATCC","CCTCGTACCAACACATGATC",4663,8940,3,1
"Seq3954","GATGCACAAGAAGTTGAAAC","ATCCACCAAACCCTAAAACC",7200,13945,3,1
"Seq4355","ACAACCATAAAAGTAAAAAC","ACCCCACCCCATATTAAACC",7911,14953,3,1
"Seq4407","GGATTCCCAATCGTTGTAGC","AAGATCACCCAGCTACTACC",7991,13615,3,1
"Seq4422","TGTAGCCATCATTATATTTC","AGCCTTAATCTTATCTATCC",8005,15039,3,1
"Seq4466","TCCCATCCTCAAAACGCCTA","CTTCCAACATAACTCCAACA",8037,13681,3,1
"Seq4728","AAAGCTCACTTGCCCACTTC","GCCGCTACCCCAATCCCTCC",8310,13662,3,1
"Seq4880","ACATGATAATACATAATGAC","CTCCATTAACGAAAATGACC",8611,13083,3,1
"Seq5542","TGCCATCTACCTTCTTCAAC","TAACTCCAACATCATCAACC",9897,13690,3,1
"Seq5861","AAAACCTGAACAAACGTAAC","TAACTCCAACATCATCAACC",10249,13690,3,1
"Seq6350","TGGAGTTCACCTATGACTAC","GGCCTCCACCCATGACTACC",10815,12442,3,1
"Seq6798","ACCCAACGCGGCAAACTAAC","AATGCTAACCCAAGACAACC",11425,14028,3,1
"Seq7134","TTCTACTATCCCCAATCCTA","TATGACTATCCCCTTCCCCA",11801,15674,3,1
"Seq7156","TAATTTCAATATCAAACCTA","TCCACCAAACCCTAAAACCA",11819,13946,3,1
"Seq9101","CCCTAAAACCATTAAACAAC","CTACCATCCTCCGTGAAACC",13955,15708,3,1
"Seq3179","TCCTACCACCATCATTTCTC","CCACATCAATCAAATTCTCC",5657,11870,4,1
"Seq4333","CCACTGGCACCTTCACCAAA","TCCCACTGTACACCACCACA",7884,11855,4,1
"Seq4788","ATTAATACACCTAATCGGAG","TCAAGACATCAAGAAGAAGG",8452,15367,4,1
"Seq4807","ATTAATAAATATTAGCCCAC","AAACCAACAACCCGCCCACC",8485,15723,4,1
"Seq5762","AATGCTAAAAATTATTCTTC","CATATAATTAACCTCCAACC",10185,11449,4,1
"Seq6465","GATTTAAAATCACTAATCGC","TACTAATTACACTAATCGCC",11026,12986,4,1
"Seq7631","TCCTACTGGTCCGATTCCAC","AACTCTCCAAACCCCCCACC",12533,16101,4,1
"Seq8174","ATGACCCAGACCTCATAAAC","AATCATTAGTCCGCAAAACC",13097,16019,4,1
"Seq8507","AAAACCATCCCAAAATCCAC","GGCCCTAGCAATCGTTCACC",13438,14733,4,1
"Seq9035","AATTAAAAAAACTATTAAAC","CTACCATCCTCCGTGAAACC",13916,15708,4,1
"Seq1715","AGCTCTACTACTATCATCAA","ATGTAATTATTGGATCAACA",3555,9245,5,1
"Seq2016","TACTAATCAACAAAAAAAAC","TATCAAGCCCTAAAAAAACC",4060,10235,5,1
"Seq3284","CACTATTATCAACATGAAAC","TAAAAACGATCCACCAAACC",5844,13937,5,1
"Seq5659","CAACTCCATAAGCTCCATAC","ATCAACCTCATACATCAACC",10048,13703,5,1
"Seq5857","CTAAAAAAACCTGAACAAAC","CATTAAACAACCAACAAACC",10244,13964,5,1
"Seq6000","CCATTAATTATTTTAACAGC","TAAATATCTTACACTATTCC",10375,12114,5,1
"Seq6413","ATATAGCATACCCCTTCATC","AAGCAAATCCATATTCATCC",10952,13304,5,1
"Seq9724","AGACCCAGACAACTACATAC","CATAAATGCTACTCAATACC",14916,16074,5,1
"Seq1977","GAATTCAGCCTACTAGCAAT","TTAATCTTCATTCTTCTACT",4032,11788,6,1
"Seq2110","CAACAGCCTCAATAATTATC","CCACATCAATCAAATTCTCC",4123,11870,6,1
"Seq3325","TTATTACAGCCGTACTGCTC","CATTATTAGCCTCTTACCCC",5912,11892,6,1
"Seq7123","ATCTTCATTCTTCTACTATC","AACTATATATTGCCGCTACC",11791,13651,6,1
"Seq6896","CTAATAGCCCTTCACATAAT","TCCCTCCTTCCAACATAACT",11491,13675,7,1
"Seq5823","CACTAACCTGACTATCAAGC","TAAAAACGATCCACCAAACC",10223,13937,8,1
"Seq2808","AAACAAAAACTAAACCCAAC","ACGCGGCAAACTAACCAACC",4882,11430,9,1
