"XV1","XV2","XV3","XV4","XV5","XV6","XV7"
"Seq177","ACGAAAGTAATTCTAGTCAT","CCTGGCCATCGTACTCAACT",459,4145,1,1
"Seq277","GATAAACCCCGCTCTACCTC","AGCAATTCTTCCTTACAACC",655,4505,1,1
"Seq834","AACTTCTCTGTTAACCCAAC","ACAGTCTACCCACCTCTAGC",1868,5725,1,1
"Seq875","CCCCGCCTGTTTACCAAAAA","TAGGCCTTTTACCACATACA",1944,8199,1,1
"Seq987","ATGGCCCAAAAACTATAGTA","CCTTTTAAGTTAAAGTTAGA",2232,7742,1,1
"Seq1029","CAACATATCTTATTGACCCA","CTAATAATCGGAGCCCCAGA",2339,5599,1,1
"Seq1171","CTAATAGTGTTCTTTATTAA","TACGCATTCTATATATAATA",2764,7273,1,1
"Seq1274","TTTTACAACCATTTGCAGAC","ATAACATTAATAGCCCTATC",2903,4221,1,1
"Seq1297","TTATAAAAGAACCAATACGC","ATCAACAAATCTCCTAGGCC",2936,8185,1,1
"Seq1325","CCTCTATATCCTTATTTATT","GCTGTAATCCTTATCATAAT",2966,7239,1,1
"Seq1337","TTATTTATTATTGCACCTAC","TATATTCTCCTCAGACCCCC",2977,10347,1,1
"Seq1340","TTATTTATTATTGCACCTAC","TATATTATTCTTACAGCCCC",2977,4554,1,1
"Seq1341","TTATTTATTATTGCACCTAC","TATTATTGAAACAATTAGCC",2977,8371,1,1
"Seq1352","GCACCTACCCTATCACTCAC","TATAACTTCAGTAACTTCCC",2989,10021,1,1
"Seq1355","GCACCTACCCTATCACTCAC","TTACAACCCATCCCTCACTC",2989,4517,1,1
"Seq1356","GCACCTACCCTATCACTCAC","AAGCACAATAACCCTACCCC",2989,4928,1,1
"Seq1386","TTCCCCTACCAATACCACAC","TCAGACCCCCTATCCACACC",3029,10357,1,1
"Seq1482","TTAATAAATGGATCCTACTC","AAAAAAAGATAATAACGTAC",3232,10437,1,1
"Seq1551","ATAATATGATTTATCTCAAC","GATAGCAAGTCTAGCTAATC",3316,11265,1,1
"Seq1616","TTTATAGCAGAGTACACTAA","ATGGTATCTATGGTTCTACA",3439,9194,1,1
"Seq1673","CTATATCAATTTACCAGAAC","TTTCAGGAATACCACGACGC",3510,6644,1,1
"Seq1696","ACTAACTTCATAATAGAAGC","TTACGTCCAAAATCTCAACC",3538,10159,1,1
"Seq1715","AGCTCTACTACTATCATCAA","ATGTAATTATTGGATCAACA",3555,9245,5,1
"Seq1772","CTATGAAAAAACTTTCTACC","CCTAGGAGGCCTTCCACCAC",3634,4682,3,1
"Seq1839","TGCTACCTAAACACCTTATC","TGGAAGGCATAGTATTATCC",3839,9993,1,1
"Seq1870","CGAAAACGTTGGTTTAAATC","TTTATTATAACTTCAGTAAC",3901,10016,1,1
"Seq1872","CGAAAACGTTGGTTTAAATC","TATAGCATACCCCTTCATCC",3901,10953,1,1
"Seq1873","CGAAAACGTTGGTTTAAATC","ACCTAATTAAACACATCAAC",3901,11834,1,1
"Seq1891","CCTTCCCGTACTAATAAATC","TAACCGGAATTGTTTTATCC",3920,6404,1,1
"Seq1904","ATAAATCCTATCACCCTTGC","AGTTTTTGACTCCTACCACC",3933,5647,1,1
"Seq1911","CCTATCACCCTTGCCATCAT","CAATCGTTGTAGCCATCATT",3939,7998,2,1
"Seq1959","TCACAATATCCAGCACCAAC","ACTTATATTTCGCTCTCACC",3988,9952,2,1
"Seq1969","GAGTAGGCCTGGAATTCAGC","TTACCACATACATTTACACC",4021,8207,1,1
"Seq1977","GAATTCAGCCTACTAGCAAT","TTAATCTTCATTCTTCTACT",4032,11788,6,1
"Seq2016","TACTAATCAACAAAAAAAAC","TATCAAGCCCTAAAAAAACC",4060,10235,5,1
"Seq2017","TACTAATCAACAAAAAAAAC","CCTAATTTCAATATCAAACC",4060,11817,1,1
"Seq2094","TTCGTCACACAAGCAACAGC","ATTCTCCTTCATTATTAGCC",4110,11883,2,1
"Seq2107","CAACAGCCTCAATAATTATC","ACTTTTCAAATATATTCTCC",4123,10337,3,1
"Seq2108","CAACAGCCTCAATAATTATC","AATCAGCTTACAAATTCTCC",4123,10482,1,1
"Seq2109","CAACAGCCTCAATAATTATC","TATTCCACTGCTAATTGCCC",4123,10656,1,1
"Seq2110","CAACAGCCTCAATAATTATC","CCACATCAATCAAATTCTCC",4123,11870,6,1
"Seq2120","CAGCCTCAATAATTATCCTC","TGGCCTCACATCATCACTCC",4126,11142,1,1
"Seq2121","CAGCCTCAATAATTATCCTC","TAGAATATATAATTACAACC",4126,11936,2,1
"Seq2129","TCAATAATTATCCTCCTGGC","CCATACCAATCCCCATCACC",4131,10062,2,1
"Seq2170","ACTCAACTATAAACAACTAG","TTCTCACTATCACTTCTAGG",4157,9929,1,1
"Seq2210","AACAAACAAACGGTCTTATC","CAAACAAATAATGCTAATCC",4195,8107,1,1
"Seq2211","AACAAACAAACGGTCTTATC","TGGAAGGCATAGTATTATCC",4195,9993,1,1
"Seq2229","TTAACATAACATTAATAGCC","ATTTACACCTACTACCCAAC",4216,8218,1,1
"Seq2238","ATAACATTAATAGCCCTATC","CACCAAAATCACTAACAACC",4221,7897,1,1
"Seq2246","AGCCCTATCCATAAAACTAG","GTCACAATTCTATCTCTAGG",4232,9760,1,1
"Seq2251","CCCTATCCATAAAACTAGGC","TCTATATATCTTATATGGCC",4234,7018,1,1
"Seq2277","ATTACCAGAAGTAACTCAAG","GCAAACTCCAACTACGAACG",4274,11173,1,1
"Seq2282","CAGAAGTAACTCAAGGGATC","AATTAAACACATCAACTTCC",4279,11838,2,1
"Seq2383","TTTCATAGGGGCATGAGGAG","ACTATAATCATGGCCCGAGG",4418,11206,2,1
"Seq2392","CATGAGGAGGACTTAACCAA","TAACCTCCAACCCTCACACA",4429,11457,2,1
"Seq2444","ATTCTTCCTTACAACCCATC","CATCTCCATTATTCTAGACC",4509,10920,1,1
"Seq2445","ATTCTTCCTTACAACCCATC","CATATAATTAACCTCCAACC",4509,11449,1,1
"Seq2464","CATCCCTCACTCTACTCAAC","TTACGTCCAAAATCTCAACC",4525,10159,2,1
"Seq2465","CATCCCTCACTCTACTCAAC","CCATGTAGGAACCCTAAACC",4525,10692,1,1
"Seq2466","CATCCCTCACTCTACTCAAC","AACCAACCATATAATTAACC",4525,11442,1,1
"Seq2518","ATACTAAATAACTCTATAAC","CACCAAAATCACTAACAACC",4590,7897,1,1
"Seq2589","TCTCACTGATATTACTATCC","CCTCGTACCAACACATGATC",4663,8940,3,1
"Seq2603","ATCCCTAGGAGGCCTTCCAC","CCCTCACTAATGCTACTACC",4679,10204,2,1
"Seq2620","ACCACTAACAGGATTCTTAC","CCCAACGCGGCAAACTAACC",4697,11426,1,1
"Seq2695","CAATAATAGCTCTACTAAAC","CATTATATTTCCTTCAATCC",4780,8014,1,1
"Seq2777","ACTCAAAAATAATAACTCAC","CCCAACGCGGCAAACTAACC",4861,11426,1,1
"Seq2805","TCACCAAACAAAAACTAAAC","CAACCATAAAAGTAAAAACC",4877,7912,2,1
"Seq2808","AAACAAAAACTAAACCCAAC","ACGCGGCAAACTAACCAACC",4882,11430,9,1
"Seq2816","AACAAAAACTAAACCCAACC","AAATCCAAATAAAAGTAATC",4883,11744,1,1
"Seq2824","AAACCCAACCTAATATTTTC","ACTCCAACTCCATAAGCTCC",4893,10044,2,1
"Seq2829","CCCAACCTAATATTTTCCAC","AGCACAATTTGGCCTCCACC",4896,12432,1,1
"Seq2837","CCCAACCTAATATTTTCCAC","CAAACATTCCCACTGGCACC",4896,7875,1,1
"Seq2860","CATAAGCACAATAACCCTAC","TATACATAATTATTACCACC",4925,11408,1,1
"Seq2928","TGCTTTAATTAAGCTAAGAC","GATCTAGGAGGCTGCTGACC",5083,8956,1,1
"Seq3051","AATCACAAAGATATCGGAAC","AGGAATTTCACCACTTAACC",5377,8982,1,1
"Seq3061","CTCTATCTACTATTCGGAGC","ATGCCTAGTAATCGGAAGCC",5398,12873,1,1
"Seq3113","CCCATGCTTTTGTTATAATT","TACCAATATGCCATCTACCT",5525,9889,1,1
"Seq3131","AATAATAATTGGAGGCTTTG","CAAGACATCCGAAAAATAGG",5562,12820,1,1
"Seq3139","GAAACTGACTTGTCCCACTA","TAAACTTATTATCAAACAAA",5582,8095,1,1
"Seq3179","TCCTACCACCATCATTTCTC","CCACATCAATCAAATTCTCC",5657,11870,4,1
"Seq3208","AGGATGAACAGTCTACCCAC","CCCTCACTAATGCTACTACC",5718,10204,1,1
"Seq3209","AGGATGAACAGTCTACCCAC","AACCAACCATATAATTAACC",5718,11442,1,1
"Seq3210","AGGATGAACAGTCTACCCAC","TAACGAAAATGACCCAGACC",5718,13089,1,1
"Seq3213","AGGATGAACAGTCTACCCAC","ATAATACATAATGACCCACC",5718,8616,1,1
"Seq3282","CACTATTATCAACATGAAAC","AACCAACCATATAATTAACC",5844,11442,1,1
"Seq3283","CACTATTATCAACATGAAAC","AACTATATATTGCCGCTACC",5844,13651,1,1
"Seq3284","CACTATTATCAACATGAAAC","TAAAAACGATCCACCAAACC",5844,13937,5,1
"Seq3304","CATAACACAGTATCAAACTC","TCACACACACGAGAACTAAC",5871,11470,1,1
"Seq3305","CATAACACAGTATCAAACTC","ACTTCCCACTGTACACCACC",5871,11852,1,1
"Seq3306","CATAACACAGTATCAAACTC","CTCTTCACACAAACATAACC",5871,13463,1,1
"Seq3325","TTATTACAGCCGTACTGCTC","CATTATTAGCCTCTTACCCC",5912,11892,6,1
"Seq3354","TTACTATACTACTAACAGAC","AACCAACCATATAATTAACC",5963,11442,1,1
"Seq3356","TACTACTAACAGACCGCAAC","CCTAATTTCAATATCAAACC",5969,11817,1,1
"Seq3357","TACTACTAACAGACCGCAAC","CGCACTAGAACTAAACAACC",5969,13260,1,1
"Seq3358","TACTACTAACAGACCGCAAC","ACCCATAAAATCTCTCAACC",5969,13371,1,1
"Seq3359","TACTACTAACAGACCGCAAC","ATTAAAAAAACTATTAAACC",5969,13917,1,1
"Seq3367","ACCGCAACCTAAACACAACT","CTATGAGCTGGAGCCGTAAT",5981,8267,1,1
"Seq3371","AAACACAACTTTCTTTGATC","CAACACTTATTATTATTACC",5991,10568,1,1
"Seq3382","ATCCCGCTGGAGGAGGGGAC","TATTACCCGATGAGGGAACC",6008,10581,2,1
"Seq3464","GCTTTATTGTATGAGCCCAC","TTAATAAATATTAGCCCACC",6197,8486,1,1
"Seq3528","TAATATTAAATGATCTCCAG","GGAATACCATTCCTAACAGG",6336,12904,1,1
"Seq3595","CTGATTCCCATTATTTTCAG","GCTGGAGCCGTAATTACAGG",6531,8273,1,1
"Seq3599","CCATTATTTTCAGGCTTCAC","AGCACAATTTGGCCTCCACC",6538,12432,1,1
"Seq3623","TGAGCAAAAGCCCACTTCGC","AAGATCACCCAGCTACTACC",6571,13615,2,1
"Seq3662","TCCCTCAACATTTCCTGGGC","AAAATCTCTCAACCTAAGCC",6623,13377,1,1
"Seq3666","ACATTTCCTGGGCCTTTCAG","GGAAGCCTCGCCCTCACAGG",6630,12886,1,1
"Seq3685","CACGACGCTACTCAGACTAC","ATACATTTACACCTACTACC",6656,8214,1,1
"Seq3694","GACTACCCAGATGCTTACAC","TCAACTTCCCACTGTACACC",6670,11849,1,1
"Seq3716","TGTCTCTTCTATAGGATCAT","AATAATTACCCTATTTATCT",6702,7832,2,1
"Seq3748","TTGCTTCAAAACGAGAAGTA","ACATCAATCGATTCATTAAA",6773,12098,2,1
"Seq3770","ATGACTTCATGGCTGCCCTC","TCAACTTCCCACTGTACACC",6825,11849,2,1
"Seq3772","ACTTCATGGCTGCCCTCCAC","GCAATAGAAGGCCCTACACC",6828,12466,1,1
"Seq3776","ACTTCATGGCTGCCCTCCAC","TTCCCACTGGCACCTTCACC",6828,7881,1,1
"Seq3801","AAAGGAAGGAATCGAACCCC","TAAACAACCAACAAACCCAC",6893,13967,1,1
"Seq3900","ATTGTTTTCCTAATTAGCTC","TCTTCATTCTTCTACTATCC",7119,11792,1,1
"Seq3903","TCCTAATTAGCTCCTTAGTC","CATTATTAGCCTCTTACCCC",7126,11892,2,1
"Seq3904","TCCTAATTAGCTCCTTAGTC","ATTAAACCTAAAAACGATCC",7126,13929,1,1
"Seq3906","TCCTAATTAGCTCCTTAGTC","ATCAACAAATCTCCTAGGCC",7126,8185,1,1
"Seq3912","TCCTTAGTCCTCTATATCAT","AAATTGTACTTTATATCATT",7137,13513,1,1
"Seq3917","TCCTCTATATCATCTCGCTA","CCACTAAACACCCCACCCCA",7144,14944,1,1
"Seq3954","GATGCACAAGAAGTTGAAAC","ATCCACCAAACCCTAAAACC",7200,13945,3,1
"Seq3966","AACCATTTGAACTATTCTAC","AAGATCACCCAGCTACTACC",7217,13615,1,1
"Seq3973","CTATTCTACCAGCTGTAATC","CCTGTTTACATCTGTAGCCC",7228,12021,1,1
"Seq3984","TCCTTATCATAATTGCTCTC","AACTATATATTGCCGCTACC",7246,13651,1,1
"Seq3985","TCCTTATCATAATTGCTCTC","AATCCACTAAACACCCCACC",7246,14941,1,1
"Seq4002","TTCTATATATAATAGACGAA","CTTCCAACATAACTCCAACA",7279,13681,2,1
"Seq4022","ATCAACAACCCCGTATTAAC","ATTAAAAAAACTATTAAACC",7299,13917,1,1
"Seq4054","AATATACTGACTATGAAGAC","TAACGAAAATGACCCAGACC",7357,13089,1,1
"Seq4061","TATGCTTTGATTCATATATA","ACTATTAAACCTAAAAACGA",7378,13926,2,1
"Seq4063","GCTTTGATTCATATATAATC","CCCAGACATACTAGGAGACC",7381,14901,1,1
"Seq4074","CCCAACAAACGACCTAAAAC","TATCAAGCCCTAAAAAAACC",7400,10235,1,1
"Seq4075","CCCAACAAACGACCTAAAAC","ATCCACCAAACCCTAAAACC",7400,13945,2,1
"Seq4119","TAATTTCATCTGAAGACGTC","GTCATCTCATATAATATTCC",7489,13159,1,1
"Seq4136","CTAGGACTTAAAACTGATGC","CAATATACATAATTATTACC",7533,11405,1,1
"Seq4137","CTAGGACTTAAAACTGATGC","TTTCCTACTGGTCCGATTCC",7533,12531,1,1
"Seq4169","AACAGTAACATCAAACCGAC","AACCACTTTAACAACCAACC",7577,13479,1,1
"Seq4213","CCTAGAAATGGTTCCACTAA","TACTCACCAATATCCTCACA",7661,8765,1,1
"Seq4215","AAATGGTTCCACTAAAATAT","AAACCACAGCCCTAATTATT",7666,13220,1,1
"Seq4281","ATTATCTCATCAATAATTAC","TGATGATGTTCATAATTACC",7821,9873,2,1
"Seq4312","AAGTCTCATCACAAACATTC","AACTTTACTGGGGTTTTTCC",7864,13329,1,1
"Seq4314","AGTCTCATCACAAACATTCC","TCACACACACGAGAACTAAC",7865,11470,1,1
"Seq4318","ACAAACATTCCCACTGGCAC","AGAACTAACACTAATAGCCC",7874,11481,2,1
"Seq4319","ACAAACATTCCCACTGGCAC","TCAACTTCCCACTGTACACC",7874,11849,1,1
"Seq4320","ACAAACATTCCCACTGGCAC","AAACCTAAAAACGATCCACC",7874,13932,2,1
"Seq4333","CCACTGGCACCTTCACCAAA","TCCCACTGTACACCACCACA",7884,11855,4,1
"Seq4342","TCACCAAAATCACTAACAAC","ACCCATAAAATCTCTCAACC",7896,13371,1,1
"Seq4343","TCACCAAAATCACTAACAAC","ACATAACCACTTTAACAACC",7896,13475,2,1
"Seq4344","TCACCAAAATCACTAACAAC","ATCAACCAATCTCCCAAACC",7896,13716,1,1
"Seq4345","TCACCAAAATCACTAACAAC","TCGTATATCCAAACACAACC",7896,13879,2,1
"Seq4346","TCACCAAAATCACTAACAAC","CCTAAAACCATTAAACAACC",7896,13956,1,1
"Seq4347","TCACCAAAATCACTAACAAC","TGTGTTATCTGACATACACC",7896,15628,1,1
"Seq4355","ACAACCATAAAAGTAAAAAC","ACCCCACCCCATATTAAACC",7911,14953,3,1
"Seq4376","ATGAACGAAAATCTATTTGC","TATTTAAAATTATTAACCAC",7946,14192,1,1
"Seq4395","CATTACCCCAACAATAATAG","CTAATTATTTCAGTATTAGG",7972,13231,1,1
"Seq4407","GGATTCCCAATCGTTGTAGC","AAGATCACCCAGCTACTACC",7991,13615,3,1
"Seq4408","GGATTCCCAATCGTTGTAGC","ATCAACCAATCTCCCAAACC",7991,13716,1,1
"Seq4419","TGTAGCCATCATTATATTTC","CCACATCAATCAAATTCTCC",8005,11870,1,1
"Seq4420","TGTAGCCATCATTATATTTC","AGTAGTTGCAGGAATTTTCC",8005,12516,1,1
"Seq4421","TGTAGCCATCATTATATTTC","TAAACCCGAATGATATTTCC",8005,14967,2,1
"Seq4422","TGTAGCCATCATTATATTTC","AGCCTTAATCTTATCTATCC",8005,15039,3,1
"Seq4423","TGTAGCCATCATTATATTTC","TTTAGCCCTAATACCTTTCC",8005,15063,1,1
"Seq4434","TCATTATATTTCCTTCAATC","TGGCCTCACATCATCACTCC",8013,11142,2,1
"Seq4435","TCATTATATTTCCTTCAATC","CATTATTAGCCTCTTACCCC",8013,11892,1,1
"Seq4436","TCATTATATTTCCTTCAATC","CCTAAATAAATTAAAAAAAC",8013,13908,2,1
"Seq4446","CCTTCAATCCTATTCCCATC","ATTAAACCTAAAAACGATCC",8024,13929,1,1
"Seq4447","CCTTCAATCCTATTCCCATC","TAATACCTTTCCTTCATACC",8024,15071,1,1
"Seq4465","TCCCATCCTCAAAACGCCTA","ATCAAACCTAATTAAACACA",8037,11829,1,1
"Seq4466","TCCCATCCTCAAAACGCCTA","CTTCCAACATAACTCCAACA",8037,13681,3,1
"Seq4478","CAAAACGCCTAATCAACAAC","CGCACTAGAACTAAACAACC",8046,13260,1,1
"Seq4479","CAAAACGCCTAATCAACAAC","CGAAACAGGATCAAACAACC",8046,14766,1,1
"Seq4490","GCCTAATCAACAACCGTCTC","ATCCACCAAACCCTAAAACC",8052,13945,1,1
"Seq4502","ACAACCGTCTCCATTCTTTC","CCTAAAACCATTAAACAACC",8061,13956,1,1
"Seq4503","ACAACCGTCTCCATTCTTTC","AACCCTAGTATTATTTTTCC",8061,14883,1,1
"Seq4539","TTATCAAACAAATAATGCTA","CTATCAATAAATAAAGCAAA",8103,13291,2,1
"Seq4547","TCAAACAAATAATGCTAATC","ATTAATAGCTAGCCAAAACC",8106,10413,1,1
"Seq4548","TCAAACAAATAATGCTAATC","CTTCATCATAATAATTAAGC",8106,13756,2,1
"Seq4556","AATAATGCTAATCCACACAC","AACCACTTTAACAACCAACC",8113,13479,1,1
"Seq4557","AATAATGCTAATCCACACAC","CTAACCCAAGACAACCAACC",8113,14032,1,1
"Seq4579","CCAAAAGGACGAACATGAAC","TAAAAACGATCCACCAAACC",8132,13937,1,1
"Seq4580","CCAAAAGGACGAACATGAAC","AAATTTTAACTCTCCAAACC",8132,16094,2,1
"Seq4586","AAGGACGAACATGAACCCTA","AGGTATATACTCAATATACA",8136,11394,1,1
"Seq4594","GAACCCTAATAATTGTTTCC","CTGAGCCCTACTAATTACAC",8148,12978,1,1
"Seq4632","GATCAACAAATCTCCTAGGC","GGTATCTTTTTATTTTGGCC",8184,15931,1,1
"Seq4651","AGGCCTTTTACCACATACAT","GGAGCCCTAACCACATTATT",8200,12601,1,1
"Seq4655","TTTACCACATACATTTACAC","TTACGTCCAAAATCTCAACC",8206,10159,1,1
"Seq4656","TTTACCACATACATTTACAC","AACCAACCATATAATTAACC",8206,11442,1,1
"Seq4666","CATACATTTACACCTACTAC","ACCCGCAAACAAAGATCACC",8213,13604,1,1
"Seq4728","AAAGCTCACTTGCCCACTTC","GCCGCTACCCCAATCCCTCC",8310,13662,3,1
"Seq4750","TATTGAAACAATTAGCCTAT","CAACAGGAAATAAACCTCCT",8374,11604,1,1
"Seq4788","ATTAATACACCTAATCGGAG","TCAAGACATCAAGAAGAAGG",8452,15367,4,1
"Seq4795","GAGGAGCTACTCTAGTATTA","AGGTATATACTCAATATACA",8469,11394,1,1
"Seq4806","ATTAATAAATATTAGCCCAC","AGAAGGAGCTACTCCCCACC",8485,15381,2,1
"Seq4807","ATTAATAAATATTAGCCCAC","AAACCAACAACCCGCCCACC",8485,15723,4,1
"Seq4815","ACCAACAGCTACCATTACAT","TATTTTCACAACCTCAATCT",8503,11766,1,1
"Seq4834","ATTATTTTACTTCTACTCAC","GGCCTCCACCCATGACTACC",8525,12442,1,1
"Seq4853","AATTCAAGCCTACGTATTCA","CTAACCAACCATATAATTAA",8569,11440,1,1
"Seq4854","AATTCAAGCCTACGTATTCA","GGTGCCACAGTTATTACAAA",8569,14587,1,1
"Seq4855","ATTCAAGCCTACGTATTCAC","AATAAACCTCCTTATTCACC",8570,11612,1,1
"Seq4856","ATTCAAGCCTACGTATTCAC","AAAAAACCTCTATAATCACC",8570,13786,1,1
"Seq4864","TATTCACCCTCCTAGTAAGC","TTACAAACCTCCTATCAGCC",8583,14600,1,1
"Seq4865","TATTCACCCTCCTAGTAAGC","TGTACTGAATCCTAGTAGCC",8583,15134,1,1
"Seq4880","ACATGATAATACATAATGAC","CTCCATTAACGAAAATGACC",8611,13083,3,1
"Seq4881","ACATGATAATACATAATGAC","CCCAGACATACTAGGAGACC",8611,14901,1,1
"Seq4886","GATAATACATAATGACCCAC","AAACCAACAACCCGCCCACC",8615,15723,2,1
"Seq4904","AGTTAATCCAAGTCCATGAC","ACGCGGCAAACTAACCAACC",8655,11430,1,1
"Seq4905","AGTTAATCCAAGTCCATGAC","ATCAACCAATCTCCCAAACC",8655,13716,1,1
"Seq4913","CCATGACCATTAACTGGAGC","AAATTCTCCTAATCATAACC",8668,10493,1,1
"Seq4915","CCATGACCATTAACTGGAGC","AGTCCAAATCATTACAGGTC",8668,14289,1,1
"Seq4916","CCATGACCATTAACTGGAGC","CATCAGATACAATAACAGCC",8668,14330,1,1
"Seq4922","TTAACTGGAGCCTTTTCAGC","CATATAATTAACCTCCAACC",8677,11449,1,1
"Seq4948","TTCTAACATCAGGTCTAGTA","TTCTATCTCTAGGCCTAGCA",8702,9767,1,1
"Seq4969","AATTCAATTACACTATTAAC","TAAAAACGATCCACCAAACC",8737,13937,1,1
"Seq4973","AATTACACTATTAACCCTTG","CTACCATCAGCAATAGAAGG",8742,12457,1,1
"Seq4975","TTACACTATTAACCCTTGGC","ATTTAAAATCACTAATCGCC",8744,11027,1,1
"Seq4977","TTACACTATTAACCCTTGGC","GGTATCTTTTTATTTTGGCC",8744,15931,1,1
"Seq4983","TTAACCCTTGGCCTACTCAC","ATCAACCTCATACATCAACC",8752,13703,1,1
"Seq4984","TTAACCCTTGGCCTACTCAC","AAACCAACAACCCGCCCACC",8752,15723,1,1
"Seq4992","TTGGCCTACTCACCAATATC","CCTGATTACCATGCTTATCC",8759,12132,1,1
"Seq4993","TTGGCCTACTCACCAATATC","ACCAACCAGCATTCCAGTCC",8759,13179,1,1
"Seq4998","TTGGCCTACTCACCAATATC","TTCGCTCTCACCTAATATCC",8759,9960,1,1
"Seq5001","TACTCACCAATATCCTCACA","CAATATCAAACCTAATTAAA",8765,11825,1,1
"Seq5015","GACGTAATTCGTGAAGGAAC","CGTGAAACCAACAACCCGCC",8803,15719,1,1
"Seq5016","TAATTCGTGAAGGAACCTAC","ATACCAAATTTTAACTCTCC",8807,16089,2,1
"Seq5022","AAGGAACCTACCAAGGCCAC","ACGCTAGGAATAAACCAACC",8816,12706,1,1
"Seq5028","CTACCAAGGCCACCACACTC","AATTAAACACATCAACTTCC",8823,11838,1,1
"Seq5098","CCTCTAGAAGTCCCACTACT","TTCACAACCTCAATCTTATT",9001,11770,1,1
"Seq5165","ATACTAGGACTTTACTTCAC","CAACCTGGCACTGAGTCACC",9127,11951,1,1
"Seq5166","ATACTAGGACTTTACTTCAC","ATTTGGTCTATTAATCTACC",9127,15693,2,1
"Seq5268","ATCAAAACATCACTTCGGAT","ATTATATTTTATATTTTATT",9309,10531,1,1
"Seq5377","TTGCATTCTGACTCCCCCAA","AGAACTAAACAACCTAACCA",9536,13266,1,1
"Seq5380","TCTGACTCCCCCAAATAAAT","ACATCCCCCCTAAATAAATT",9542,13900,1,1
"Seq5394","GTACTCAGAAAAAGCAAATC","ACGCGGCAAACTAACCAACC",9564,11430,1,1
"Seq5432","TTACATTTCTATTATTTGAC","ACCATTTATTATCGCGGCCC",9656,14718,1,1
"Seq5470","TCTACTATAATAATTATAGC","CATCAGATACAATAACAGCC",9730,14330,1,1
"Seq5488","TCACAATTCTATCTCTAGGC","ATCATCACTCCTATTCTGCC",9761,11151,1,1
"Seq5531","ATTACCAATATGCCATCTAC","TTACACTATTCCTGATTACC",9887,12122,2,1
"Seq5532","ATTACCAATATGCCATCTAC","CTAATTTTAGCCCTAATACC",9887,15058,1,1
"Seq5540","TGCCATCTACCTTCTTCAAC","AACCAACCATATAATTAACC",9897,11442,1,1
"Seq5541","TGCCATCTACCTTCTTCAAC","CCTGATTACCATGCTTATCC",9897,12132,2,1
"Seq5542","TGCCATCTACCTTCTTCAAC","TAACTCCAACATCATCAACC",9897,13690,3,1
"Seq5543","TGCCATCTACCTTCTTCAAC","TAATACCTTTCCTTCATACC",9897,15071,1,1
"Seq5553","TTCTTCAACCTCACCATAGC","AGAACTAACACTAATAGCCC",9908,11481,1,1
"Seq5566","CTTCTCACTATCACTTCTAG","TTTTTCCCAGACATACTAGG",9928,14896,1,1
"Seq5569","ACTATCACTTCTAGGGACAC","ATTATTCACCGCATTACACC",9934,13354,1,1
"Seq5582","CACTTATATTTCGCTCTCAC","ATTAAAAAAACTATTAAACC",9951,13917,1,1
"Seq5623","ATTATAACTTCAGTAACTTC","ATTATTCACCGCATTACACC",10019,13354,1,1
"Seq5657","CAACTCCATAAGCTCCATAC","CCACTGTACACCACCACATC",10048,11857,2,1
"Seq5658","CAACTCCATAAGCTCCATAC","AACATCACAAAAATCATACC",10048,12841,1,1
"Seq5659","CAACTCCATAAGCTCCATAC","ATCAACCTCATACATCAACC",10048,13703,5,1
"Seq5664","CCATAAGCTCCATACCAATC","CCATATGACTATCCCCTTCC",10053,15671,1,1
"Seq5665","CCATAAGCTCCATACCAATC","CCTCCTCTTAATGCCAAACC",10053,16122,2,1
"Seq5675","TCCATACCAATCCCCATCAC","ATCAACCAATCTCCCAAACC",10061,13716,2,1
"Seq5676","TCCATACCAATCCCCATCAC","GCTTTCCACTTCATCTTACC",10061,14701,1,1
"Seq5726","ATTACGTCCAAAATCTCAAC","ATAAAATTCCATTTCACCCC",10158,14810,1,1
"Seq5727","ATTACGTCCAAAATCTCAAC","TGCTTGTTAGACATAAATGC",10158,16063,1,1
"Seq5748","AACCTACTACAATGCTAAAA","CCCCTTCCCCATTTGGTCTA",10175,15683,1,1
"Seq5762","AATGCTAAAAATTATTCTTC","CATATAATTAACCTCCAACC",10185,11449,4,1
"Seq5772","AAATTATTCTTCCCTCACTA","TCATGCTTGTTAGACATAAA",10193,16060,1,1
"Seq5787","TCCCTCACTAATGCTACTAC","CTCTTCACACAAACATAACC",10203,13463,2,1
"Seq5797","CTAATGCTACTACCACTAAC","TAGAATATATAATTACAACC",10210,11936,2,1
"Seq5798","CTAATGCTACTACCACTAAC","GCACACAAATTAAAAAAACC",10210,13774,1,1
"Seq5799","CTAATGCTACTACCACTAAC","ATTAAAAAAACTATTAAACC",10210,13917,2,1
"Seq5823","CACTAACCTGACTATCAAGC","TAAAAACGATCCACCAAACC",10223,13937,8,1
"Seq5829","ACTAACCTGACTATCAAGCC","TCTATAATCACCCCCAATAC",10224,13794,1,1
"Seq5841","CTATCAAGCCCTAAAAAAAC","GCACACAAATTAAAAAAACC",10234,13774,1,1
"Seq5844","CTATCAAGCCCTAAAAAAAC","AATGCTAACCCAAGACAACC",10234,14028,2,1
"Seq5857","CTAAAAAAACCTGAACAAAC","CATTAAACAACCAACAAACC",10244,13964,5,1
"Seq5861","AAAACCTGAACAAACGTAAC","TAACTCCAACATCATCAACC",10249,13690,3,1
"Seq5883","AGTTTTCTAATTAGTTTAAC","CATATAATATTCCACCAACC",10276,13166,2,1
"Seq5887","TTCTAATTAGTTTAACCAGC","ATCTATCCTAATTTTAGCCC",10280,15051,1,1
"Seq5888","TTCTAATTAGTTTAACCAGC","TACCTCAAAGCAACGAAGCC",10280,15087,1,1
"Seq5913","CTAACACTTCTATGACAAAC","CCTAATTTCAATATCAAACC",10300,11817,1,1
"Seq5953","AACTTTTCAAATATATTCTC","AACCAACCATATAATTAACC",10336,11442,2,1
"Seq5954","AACTTTTCAAATATATTCTC","TATTTAAAATTATTAACCAC",10336,14192,1,1
"Seq5976","CTCAGACCCCCTATCCACAC","ATCCACCAAACCCTAAAACC",10356,13945,1,1
"Seq5988","CTATCCACACCATTAATTAT","CGACTAATAATAACTTTATT",10366,12560,10,1
"Seq5989","CTATCCACACCATTAATTAT","TTCACACAAACATAACCACT",10366,13466,2,1
"Seq5991","TATCCACACCATTAATTATT","AGTAGCCAACCTACTTATCT",10367,15147,1,1
"Seq6000","CCATTAATTATTTTAACAGC","TAAATATCTTACACTATTCC",10375,12114,5,1
"Seq6020","CAGCCTGATTACTGCCACTA","CCACTAAACACCCCACCCCA",10391,14944,1,1
"Seq6043","TAATAGCTAGCCAAAACCAC","AAAATCTCTCAACCTAAGCC",10415,13377,1,1
"Seq6044","TAATAGCTAGCCAAAACCAC","AAACCATCCCAAAATCCACC",10415,13439,1,1
"Seq6045","TAATAGCTAGCCAAAACCAC","ATTAAAAAAACTATTAAACC",10415,13917,1,1
"Seq6046","TAATAGCTAGCCAAAACCAC","GTCCGCAAAACCCAATCACC",10415,16027,1,1
"Seq6050","TAGCTAGCCAAAACCACCTA","TCACCCAAAACGACATCAAA",10418,12638,1,1
"Seq6051","TAGCTAGCCAAAACCACCTA","TCTTAATGCCAAACCCCAAA",10418,16127,1,1
"Seq6059","AAACCACCTAAAAAAAGATA","CCCAATCCCTCCTTCCAACA",10428,13670,1,1
"Seq6117","TAATCAGCTTACAAATTCTC","CCACATCAATCAAATTCTCC",10481,11870,15,1
"Seq6118","TAATCAGCTTACAAATTCTC","AATTAATCAGTTAGATCCCC",10481,13826,1,1
"Seq6119","TAATCAGCTTACAAATTCTC","AACCCACTAACAATTAAACC",10481,13980,1,1
"Seq6126","CAAATTCTCCTAATCATAAC","CCTAATTTCAATATCAAACC",10492,11817,1,1
"Seq6127","CAAATTCTCCTAATCATAAC","CTCTTCACACAAACATAACC",10492,13463,2,1
"Seq6149","GAACTAATTATATTTTATAT","CCCGAATGATATTTCCTATT",10525,14971,1,1
"Seq6160","TATATTTTATTTGAAGCAAC","TAATCAATATTTTCACAACC",10540,11759,1,1
"Seq6161","TATATTTTATTTGAAGCAAC","AACCACTTTAACAACCAACC",10540,13479,1,1
"Seq6175","AGCAACCTTAATCCCAACAC","CAATTAATACCTGCAACACC",10554,12953,1,1
"Seq6188","CCAACACTTATTATTATTAC","ACCCCACCCCATATTAAACC",10567,14953,2,1
"Seq6209","GAGGGAACCAAACTGAACGC","CATAAACCCAATCAAACGCC",10592,13110,1,1
"Seq6228","ATTTATTTCCTATTTTATAC","CATAAATGCTACTCAATACC",10624,16074,1,1
"Seq6274","CTTAATCCAAAACCATGTAG","ATTCTTATACCAATCTCAGG",10680,15253,1,1
"Seq6275","ATCCAAAACCATGTAGGAAC","AACTATATATTGCCGCTACC",10684,13651,1,1
"Seq6282","ACCATGTAGGAACCCTAAAC","TAACTCCAACATCATCAACC",10691,13690,1,1
"Seq6283","ACCATGTAGGAACCCTAAAC","CATTAAACAACCAACAAACC",10691,13964,1,1
"Seq6341","TACCATTATATGGAGTTCAC","AGCACAATTTGGCCTCCACC",10805,12432,1,1
"Seq6342","TACCATTATATGGAGTTCAC","GGCCCTAGCAATCGTTCACC",10805,14733,1,1
"Seq6350","TGGAGTTCACCTATGACTAC","GGCCTCCACCCATGACTACC",10815,12442,3,1
"Seq6390","GCATCTCCATTATTCTAGAC","CTCCATTAACGAAAATGACC",10919,13083,1,1
"Seq6391","GCATCTCCATTATTCTAGAC","CATTAAACAACCAACAAACC",10919,13964,2,1
"Seq6406","TAACAAAATATATAGCATAC","AACTATATATTGCCGCTACC",10943,13651,1,1
"Seq6413","ATATAGCATACCCCTTCATC","AAGCAAATCCATATTCATCC",10952,13304,5,1
"Seq6414","ATATAGCATACCCCTTCATC","GCCGCTACCCCAATCCCTCC",10952,13662,1,1
"Seq6465","GATTTAAAATCACTAATCGC","TACTAATTACACTAATCGCC",11026,12986,4,1
"Seq6521","AACTCCATGAAGCTTCATAG","CAAGACATCCGAAAAATAGG",11097,12820,2,1
"Seq6555","TACTAATAATCGCACATGGC","ACCAACCAGCATTCCAGTCC",11126,13179,1,1
"Seq6556","TACTAATAATCGCACATGGC","AAAATCTCTCAACCTAAGCC",11126,13377,1,1
"Seq6576","ATGGCCTCACATCATCACTC","ACCATTCACATCATCATGCC",11141,12858,1,1
"Seq6588","CATCATCACTCCTATTCTGC","AAAATCTCTCAACCTAAGCC",11150,13377,1,1
"Seq6607","CTATTCTGCCTAGCAAACTC","CCTAAAACCATTAAACAACC",11161,13956,1,1
"Seq6616","ACTCCAACTACGAACGGATC","CTCTTCACACAAACATAACC",11177,13463,1,1
"Seq6631","GGATCCACAGCCGTACTATA","AGATCACCCAGCTACTACCA",11192,13616,2,1
"Seq6632","GGATCCACAGCCGTACTATA","GATTAATTACTCCAACTTCA",11192,13741,1,1
"Seq6768","TCAATATACATAATTATTAC","ATTATTTAAAATTATTAACC",11404,14190,1,1
"Seq6769","TCAATATACATAATTATTAC","ATTTGGTCTATTAATCTACC",11404,15693,1,1
"Seq6776","ATATACATAATTATTACCAC","AAACCATCCCAAAATCCACC",11407,13439,2,1
"Seq6795","ACCCAACGCGGCAAACTAAC","AGTGACGCTAGGAATAAACC",11425,12702,2,1
"Seq6796","ACCCAACGCGGCAAACTAAC","ACATAACCACTTTAACAACC",11425,13475,2,1
"Seq6797","ACCCAACGCGGCAAACTAAC","CCTAAAACCATTAAACAACC",11425,13956,1,1
"Seq6798","ACCCAACGCGGCAAACTAAC","AATGCTAACCCAAGACAACC",11425,14028,3,1
"Seq6808","AACGCGGCAAACTAACCAAC","ATCAACCTCATACATCAACC",11429,13703,1,1
"Seq6809","AACGCGGCAAACTAACCAAC","TAAAAACGATCCACCAAACC",11429,13937,1,1
"Seq6810","AACGCGGCAAACTAACCAAC","ATCCACCAAACCCTAAAACC",11429,13945,2,1
"Seq6811","AACGCGGCAAACTAACCAAC","GACCCAGACAACTACATACC",11429,14917,1,1
"Seq6825","TAACCAACCATATAATTAAC","AAACCATCCCAAAATCCACC",11441,13439,2,1
"Seq6837","CCATATAATTAACCTCCAAC","CATTAAACAACCAACAAACC",11448,13964,1,1
"Seq6838","CCATATAATTAACCTCCAAC","TATTCTTAATTCTCATAACC",11448,14867,1,1
"Seq6839","CCATATAATTAACCTCCAAC","AAATTTTAACTCTCCAAACC",11448,16094,2,1
"Seq6878","ACACACGAGAACTAACACTA","CAATGGTTCAGGTCATAAAA",11474,15531,1,1
"Seq6896","CTAATAGCCCTTCACATAAT","TCCCTCCTTCCAACATAACT",11491,13675,7,1
"Seq6931","TATTCTTCTAACTACCAGTC","ATCTCATATAATATTCCACC",11517,13162,1,1
"Seq6942","TAACTACCAGTCCAAAACTA","TAATATTCCACCAACCAGCA",11525,13170,1,1
"Seq6993","TCTGACAACAGGAAATAAAC","TGCCACAGTTATTACAAACC",11599,14589,1,1
"Seq7005","AAATAAACCTCCTTATTCAC","AAAAAACCTCTATAATCACC",11611,13786,2,1
"Seq7087","GTAATCAATATTTTCACAAC","TCGTATATCCAAACACAACC",11758,13879,1,1
"Seq7123","ATCTTCATTCTTCTACTATC","AACTATATATTGCCGCTACC",11791,13651,6,1
"Seq7134","TTCTACTATCCCCAATCCTA","TATGACTATCCCCTTCCCCA",11801,15674,3,1
"Seq7150","TCCTAATTTCAATATCAAAC","ATCCACCAAACCCTAAAACC",11816,13945,2,1
"Seq7156","TAATTTCAATATCAAACCTA","TCCACCAAACCCTAAAACCA",11819,13946,3,1
"Seq7188","ATCAACTTCCCACTGTACAC","ACATAACCACTTTAACAACC",11848,13475,1,1
"Seq7189","ATCAACTTCCCACTGTACAC","AGATAAAATTCCATTTCACC",11848,14808,2,1
"Seq7193","AACTTCCCACTGTACACCAC","AATCCACTAAACACCCCACC",11851,14941,2,1
"Seq7223","CTTCATTATTAGCCTCTTAC","AACTATATATTGCCGCTACC",11889,13651,1,1
"Seq7237","CCTATTAATATTTTTCCACA","CAACCAACATCCCCCCTAAA",11910,13894,1,1
"Seq7335","ATGATATATACACTCAGACC","ACTCCAACATCATCAACCTC",12075,13692,1,1
"Seq7387","ATGCTTATCCTCACCTCAGC","CTACCATCCTCCGTGAAACC",12142,15708,2,1
"Seq7416","GGGTGGGAATTATATCTTTC","TAAACCCGAATGATATTTCC",12197,14967,1,1
"Seq7455","TACAAGCAATCCTCTATAAC","TTTCCCATCTATTATTCACC",12266,13344,1,1
"Seq7456","TACAAGCAATCCTCTATAAC","ATTAAAAAAACTATTAAACC",12266,13917,1,1
"Seq7512","TCAACAGATTATATTCTCCA","GACATACTAGGAGACCCAGA",12354,14905,2,1
"Seq7523","TCTCCAACAACAACGACAAT","CAACAAACCCACTAACAATT",12368,13975,1,1
"Seq7542","ATCTAATTCCACTTATAGGC","CACCCCCTCCTCTTAATGCC",12386,16117,1,1
"Seq7574","CAGCACAATTTGGCCTCCAC","AATCCACTAAACACCCCACC",12431,14941,1,1
"Seq7581","TGGCCTCCACCCATGACTAC","AAGATCACCCAGCTACTACC",12441,13615,1,1
"Seq7597","ACCATCAGCAATAGAAGGCC","TGCTTGTTAGACATAAATGC",12459,16063,1,1
"Seq7603","ATAGAAGGCCCTACACCAGT","GATGCAGATAAAATTCCATT",12469,14803,1,1
"Seq7631","TCCTACTGGTCCGATTCCAC","AACTCTCCAAACCCCCCACC",12533,16101,4,1
"Seq7661","AACAACTATACTTTGCCTCG","TGCTTATTCCTTCATGTCGG",12582,14440,1,1
"Seq7709","ACAGCTATTTGTGCTCTCAC","AATCCACTAAACACCCCACC",12622,14941,1,1
"Seq7773","TAGTGACGCTAGGAATAAAC","GCACACAAATTAAAAAAACC",12701,13774,1,1
"Seq7774","TAGTGACGCTAGGAATAAAC","CCTAAAACCATTAAACAACC",12701,13956,2,1
"Seq7775","TAGTGACGCTAGGAATAAAC","AATGCTAACCCAAGACAACC",12701,14028,1,1
"Seq7776","TAGTGACGCTAGGAATAAAC","CTACCATCCTCCGTGAAACC",12701,15708,1,1
"Seq7934","TACCATTCACATCATCATGC","CACTCATTCATTGACCTACC",12857,14209,1,1
"Seq7935","TACCATTCACATCATCATGC","ATCCCCTTCCCCATTTGGTC",12857,15681,1,1
"Seq7967","AGGAATACCATTCCTAACAG","GGATCAAACAACCCAACAGG",12903,14773,1,1
"Seq8024","AATACCTGCAACACCAACGC","GTCCGCAAAACCCAATCACC",12958,16027,1,1
"Seq8124","AATAACAAAACCGCGTTTTC","AAATTTTAACTCTCCAAACC",13053,16094,1,1
"Seq8173","ATGACCCAGACCTCATAAAC","ACCCCACCCCATATTAAACC",13097,14953,2,1
"Seq8174","ATGACCCAGACCTCATAAAC","AATCATTAGTCCGCAAAACC",13097,16019,4,1
"Seq8265","CACCAACCAGCATTCCAGTC","AATCGTTCACCTCCTCTTCC",13178,14742,1,1
"Seq8274","CATTCCAGTCCTCACAATAC","CATAAATGCTACTCAATACC",13188,16074,2,1
"Seq8378","AAAACTATCAATAAATAAAG","ATAGCCACAGCATTTATAGG",13287,14533,1,1
"Seq8428","TATTATTCACCGCATTACAC","GGGCCAACCAGTAGAACACC",13353,15180,1,1
"Seq8429","TATTATTCACCGCATTACAC","AACTCTCCAAACCCCCCACC",13353,16101,2,1
"Seq8507","AAAACCATCCCAAAATCCAC","GGCCCTAGCAATCGTTCACC",13438,14733,4,1
"Seq8508","AAAACCATCCCAAAATCCAC","TTGGCCAACTAGCCTCCATC",13438,15212,1,1
"Seq8509","AAAACCATCCCAAAATCCAC","TCTCCAAACCCCCCACCCCC",13438,16104,1,1
"Seq8575","AACATAACCACTTTAACAAC","CGAAACAGGATCAAACAACC",13474,14766,1,1
"Seq8761","GCTACCCCAATCCCTCCTTC","GGTCTAATCAGCCCATGACC",13665,15886,1,1
"Seq8979","AGCTATAGCAGTCGTATATC","ATACCAAATTTTAACTCTCC",13868,16089,1,1
"Seq9034","AATTAAAAAAACTATTAAAC","ACCCCACCCCATATTAAACC",13916,14953,2,1
"Seq9035","AATTAAAAAAACTATTAAAC","CTACCATCCTCCGTGAAACC",13916,15708,4,1
"Seq9101","CCCTAAAACCATTAAACAAC","CTACCATCCTCCGTGAAACC",13955,15708,3,1
"Seq9112","CCATTAAACAACCAACAAAC","AAATTTTAACTCTCCAAACC",13963,16094,1,1
"Seq9135","ACTAACAATTAAACCTAAAC","TCTCCAAACCCCCCACCCCC",13985,16104,1,1
"Seq9259","TAATTCAACTACAGAAACAC","GTCCGCAAAACCCAATCACC",14141,16027,1,1
"Seq9276","ACCTAATGACAAACATACGA","TCTTAATGCCAAACCCCAAA",14159,16127,1,1
"Seq9353","TAGGAGTCTGCCTAATAGTC","ATACCAAATTTTAACTCTCC",14273,16089,1,1
"Seq9537","TTCTCAGTAGACAAAGCCAC","AAACCAACAACCCGCCCACC",14665,15723,1,1
"Seq9562","CGCTTTCCACTTCATCTTAC","CATAAATGCTACTCAATACC",14700,16074,1,1
"Seq9724","AGACCCAGACAACTACATAC","CATAAATGCTACTCAATACC",14916,16074,5,1
"Seq9756","TAATCCACTAAACACCCCAC","AACTCTCCAAACCCCCCACC",14940,16101,2,1
"Seq9838","CCTTAATCTTATCTATCCTA","AAATGCTACTCAATACCAAA",15041,16077,1,1
